--------------------------------------------------------
--  File created - Wednesday-March-22-2017   
--------------------------------------------------------
--------------------------------------------------------
--  DDL for Sequence SPCUSTOMERREVENUE_S
--------------------------------------------------------

   CREATE SEQUENCE  "SAASPERFO"."SPCUSTOMERREVENUE_S"  MINVALUE 1 MAXVALUE 99999999 INCREMENT BY 1 START WITH 20 NOCACHE  ORDER  NOCYCLE  NOPARTITION ;
--------------------------------------------------------
--  DDL for Sequence SPCUSTOMER_S
--------------------------------------------------------

   CREATE SEQUENCE  "SAASPERFO"."SPCUSTOMER_S"  MINVALUE 1 MAXVALUE 99999999 INCREMENT BY 1 START WITH 4 NOCACHE  ORDER  NOCYCLE  NOPARTITION ;
--------------------------------------------------------
--  DDL for Sequence SPENTERPRISE_S
--------------------------------------------------------

   CREATE SEQUENCE  "SAASPERFO"."SPENTERPRISE_S"  MINVALUE 1 MAXVALUE 99999999 INCREMENT BY 1 START WITH 32 NOCACHE  ORDER  NOCYCLE  NOPARTITION ;
--------------------------------------------------------
--  DDL for Sequence SPFEATUREREQUEST_S
--------------------------------------------------------

   CREATE SEQUENCE  "SAASPERFO"."SPFEATUREREQUEST_S"  MINVALUE 1 MAXVALUE 99999999 INCREMENT BY 1 START WITH 6 NOCACHE  ORDER  NOCYCLE  NOPARTITION ;
--------------------------------------------------------
--  DDL for Sequence SPPRODUCTDETAIL_S
--------------------------------------------------------

   CREATE SEQUENCE  "SAASPERFO"."SPPRODUCTDETAIL_S"  MINVALUE 1 MAXVALUE 99999999 INCREMENT BY 1 START WITH 18 NOCACHE  ORDER  NOCYCLE  NOPARTITION ;
--------------------------------------------------------
--  DDL for Sequence SPPRODUCT_S
--------------------------------------------------------

   CREATE SEQUENCE  "SAASPERFO"."SPPRODUCT_S"  MINVALUE 1 MAXVALUE 99999999 INCREMENT BY 1 START WITH 18 NOCACHE  ORDER  NOCYCLE  NOPARTITION ;
--------------------------------------------------------
--  DDL for Sequence SPWORKAROUND_S
--------------------------------------------------------

   CREATE SEQUENCE  "SAASPERFO"."SPWORKAROUND_S"  MINVALUE 1 MAXVALUE 99999999 INCREMENT BY 1 START WITH 11 NOCACHE  ORDER  NOCYCLE  NOPARTITION ;
--------------------------------------------------------
--  DDL for Table SPCUSTOMER
--------------------------------------------------------

  CREATE TABLE "SAASPERFO"."SPCUSTOMER" 
   (	"CUSTOMER_ID" NUMBER(9,0), 
	"NAME" VARCHAR2(255 BYTE), 
	"PRODUCT_ID" NUMBER(9,0), 
	"EMAIL" VARCHAR2(255 BYTE), 
	"REPUTATION" NUMBER(11,3), 
	"ROWCREATIONDATE" TIMESTAMP (6) DEFAULT CURRENT_TIMESTAMP, 
	"ROWMODIFIEDDATE" TIMESTAMP (6) DEFAULT CURRENT_TIMESTAMP, 
	"REVENUE" NUMBER(15,3) DEFAULT 0
   ) SEGMENT CREATION IMMEDIATE 
  PCTFREE 10 PCTUSED 40 INITRANS 1 MAXTRANS 255 
 NOCOMPRESS LOGGING
  STORAGE(INITIAL 65536 NEXT 1048576 MINEXTENTS 1 MAXEXTENTS 2147483645
  PCTINCREASE 0 FREELISTS 1 FREELIST GROUPS 1
  BUFFER_POOL DEFAULT FLASH_CACHE DEFAULT CELL_FLASH_CACHE DEFAULT)
  TABLESPACE "USERS" ;
--------------------------------------------------------
--  DDL for Table SPCUSTOMERREVENUE
--------------------------------------------------------

  CREATE TABLE "SAASPERFO"."SPCUSTOMERREVENUE" 
   (	"REVENUE_ID" NUMBER(9,0), 
	"MONTH" NUMBER(2,0), 
	"YEAR" NUMBER(4,0), 
	"CUSTOMER_ID" NUMBER(9,0), 
	"AMOUNT" NUMBER(11,3), 
	"ROWCREATIONDATE" TIMESTAMP (6) DEFAULT CURRENT_TIMESTAMP, 
	"ROWMODIFIEDDATE" TIMESTAMP (6) DEFAULT CURRENT_TIMESTAMP
   ) SEGMENT CREATION IMMEDIATE 
  PCTFREE 10 PCTUSED 40 INITRANS 1 MAXTRANS 255 
 NOCOMPRESS LOGGING
  STORAGE(INITIAL 65536 NEXT 1048576 MINEXTENTS 1 MAXEXTENTS 2147483645
  PCTINCREASE 0 FREELISTS 1 FREELIST GROUPS 1
  BUFFER_POOL DEFAULT FLASH_CACHE DEFAULT CELL_FLASH_CACHE DEFAULT)
  TABLESPACE "USERS" ;
--------------------------------------------------------
--  DDL for Table SPENTERPRISE
--------------------------------------------------------

  CREATE TABLE "SAASPERFO"."SPENTERPRISE" 
   (	"ENTERPRISE_ID" NUMBER(9,0), 
	"NAME" VARCHAR2(255 BYTE), 
	"ROWCREATIONDATE" TIMESTAMP (6) DEFAULT CURRENT_TIMESTAMP, 
	"ROWMODIFIEDDATE" TIMESTAMP (6) DEFAULT CURRENT_TIMESTAMP
   ) SEGMENT CREATION IMMEDIATE 
  PCTFREE 10 PCTUSED 40 INITRANS 1 MAXTRANS 255 
 NOCOMPRESS LOGGING
  STORAGE(INITIAL 65536 NEXT 1048576 MINEXTENTS 1 MAXEXTENTS 2147483645
  PCTINCREASE 0 FREELISTS 1 FREELIST GROUPS 1
  BUFFER_POOL DEFAULT FLASH_CACHE DEFAULT CELL_FLASH_CACHE DEFAULT)
  TABLESPACE "USERS" ;
--------------------------------------------------------
--  DDL for Table SPFEATUREREQUEST
--------------------------------------------------------

  CREATE TABLE "SAASPERFO"."SPFEATUREREQUEST" 
   (	"REQUEST_ID" NUMBER(9,0), 
	"SUBJECT" VARCHAR2(255 BYTE), 
	"DESCRIPTION" CLOB, 
	"IMPACT_FACTOR" NUMBER(5,2) DEFAULT 0, 
	"CUSTOMER_ID" NUMBER(9,0), 
	"ROWCREATIONDATE" TIMESTAMP (6) DEFAULT CURRENT_TIMESTAMP, 
	"ROWMODIFIEDDATE" TIMESTAMP (6) DEFAULT CURRENT_TIMESTAMP, 
	"UPVOTE" NUMBER(4,0), 
	"ISFREEZED" NUMBER(1,0) DEFAULT 0
   ) SEGMENT CREATION IMMEDIATE 
  PCTFREE 10 PCTUSED 40 INITRANS 1 MAXTRANS 255 
 NOCOMPRESS LOGGING
  STORAGE(INITIAL 65536 NEXT 1048576 MINEXTENTS 1 MAXEXTENTS 2147483645
  PCTINCREASE 0 FREELISTS 1 FREELIST GROUPS 1
  BUFFER_POOL DEFAULT FLASH_CACHE DEFAULT CELL_FLASH_CACHE DEFAULT)
  TABLESPACE "USERS" 
 LOB ("DESCRIPTION") STORE AS SECUREFILE (
  TABLESPACE "USERS" ENABLE STORAGE IN ROW CHUNK 8192
  NOCACHE LOGGING  NOCOMPRESS  KEEP_DUPLICATES 
  STORAGE(INITIAL 106496 NEXT 1048576 MINEXTENTS 1 MAXEXTENTS 2147483645
  PCTINCREASE 0
  BUFFER_POOL DEFAULT FLASH_CACHE DEFAULT CELL_FLASH_CACHE DEFAULT)) ;
--------------------------------------------------------
--  DDL for Table SPFEATUREREQVOTEDETAIL
--------------------------------------------------------

  CREATE TABLE "SAASPERFO"."SPFEATUREREQVOTEDETAIL" 
   (	"REQUEST_ID" NUMBER(9,0), 
	"CUSTOMER_ID" NUMBER(9,0), 
	"ROWCREATIONDATE" TIMESTAMP (6) DEFAULT CURRENT_TIMESTAMP, 
	"ROWMODIFIEDDATE" TIMESTAMP (6) DEFAULT CURRENT_TIMESTAMP
   ) SEGMENT CREATION IMMEDIATE 
  PCTFREE 10 PCTUSED 40 INITRANS 1 MAXTRANS 255 
 NOCOMPRESS LOGGING
  STORAGE(INITIAL 65536 NEXT 1048576 MINEXTENTS 1 MAXEXTENTS 2147483645
  PCTINCREASE 0 FREELISTS 1 FREELIST GROUPS 1
  BUFFER_POOL DEFAULT FLASH_CACHE DEFAULT CELL_FLASH_CACHE DEFAULT)
  TABLESPACE "USERS" ;
--------------------------------------------------------
--  DDL for Table SPPRODUCT
--------------------------------------------------------

  CREATE TABLE "SAASPERFO"."SPPRODUCT" 
   (	"PRODUCT_ID" NUMBER(9,0), 
	"NAME" VARCHAR2(255 BYTE), 
	"ENTERPRISE_ID" NUMBER(9,0), 
	"ROWCREATIONDATE" TIMESTAMP (6) DEFAULT CURRENT_TIMESTAMP, 
	"ROWMODIFIEDDATE" TIMESTAMP (6) DEFAULT CURRENT_TIMESTAMP, 
	"REVENUE" NUMBER(15,3) DEFAULT 0, 
	"REPUTATION" NUMBER(15,3) DEFAULT 0
   ) SEGMENT CREATION IMMEDIATE 
  PCTFREE 10 PCTUSED 40 INITRANS 1 MAXTRANS 255 
 NOCOMPRESS LOGGING
  STORAGE(INITIAL 65536 NEXT 1048576 MINEXTENTS 1 MAXEXTENTS 2147483645
  PCTINCREASE 0 FREELISTS 1 FREELIST GROUPS 1
  BUFFER_POOL DEFAULT FLASH_CACHE DEFAULT CELL_FLASH_CACHE DEFAULT)
  TABLESPACE "USERS" ;
--------------------------------------------------------
--  DDL for Table SPPRODUCTDETAIL
--------------------------------------------------------

  CREATE TABLE "SAASPERFO"."SPPRODUCTDETAIL" 
   (	"PRODUCTDETAIL_ID" NUMBER(9,0), 
	"PRODUCT_ID" NUMBER(9,0), 
	"BLOCK1" CLOB, 
	"BLOCK2" CLOB, 
	"BLOCK3" CLOB, 
	"ROWCREATIONDATE" TIMESTAMP (6) DEFAULT CURRENT_TIMESTAMP, 
	"ROWMODIFIEDDATE" TIMESTAMP (6) DEFAULT CURRENT_TIMESTAMP
   ) SEGMENT CREATION IMMEDIATE 
  PCTFREE 10 PCTUSED 40 INITRANS 1 MAXTRANS 255 
 NOCOMPRESS LOGGING
  STORAGE(INITIAL 65536 NEXT 1048576 MINEXTENTS 1 MAXEXTENTS 2147483645
  PCTINCREASE 0 FREELISTS 1 FREELIST GROUPS 1
  BUFFER_POOL DEFAULT FLASH_CACHE DEFAULT CELL_FLASH_CACHE DEFAULT)
  TABLESPACE "USERS" 
 LOB ("BLOCK1") STORE AS SECUREFILE (
  TABLESPACE "USERS" ENABLE STORAGE IN ROW CHUNK 8192
  NOCACHE LOGGING  NOCOMPRESS  KEEP_DUPLICATES 
  STORAGE(INITIAL 106496 NEXT 1048576 MINEXTENTS 1 MAXEXTENTS 2147483645
  PCTINCREASE 0
  BUFFER_POOL DEFAULT FLASH_CACHE DEFAULT CELL_FLASH_CACHE DEFAULT)) 
 LOB ("BLOCK2") STORE AS SECUREFILE (
  TABLESPACE "USERS" ENABLE STORAGE IN ROW CHUNK 8192
  NOCACHE LOGGING  NOCOMPRESS  KEEP_DUPLICATES 
  STORAGE(INITIAL 106496 NEXT 1048576 MINEXTENTS 1 MAXEXTENTS 2147483645
  PCTINCREASE 0
  BUFFER_POOL DEFAULT FLASH_CACHE DEFAULT CELL_FLASH_CACHE DEFAULT)) 
 LOB ("BLOCK3") STORE AS SECUREFILE (
  TABLESPACE "USERS" ENABLE STORAGE IN ROW CHUNK 8192
  NOCACHE LOGGING  NOCOMPRESS  KEEP_DUPLICATES 
  STORAGE(INITIAL 106496 NEXT 1048576 MINEXTENTS 1 MAXEXTENTS 2147483645
  PCTINCREASE 0
  BUFFER_POOL DEFAULT FLASH_CACHE DEFAULT CELL_FLASH_CACHE DEFAULT)) ;
--------------------------------------------------------
--  DDL for Table SPWORKAROUND
--------------------------------------------------------

  CREATE TABLE "SAASPERFO"."SPWORKAROUND" 
   (	"WORKAROUND_ID" NUMBER(9,0), 
	"DESCRIPTION" CLOB, 
	"CUSTOMER_ID" NUMBER(9,0), 
	"REQUEST_ID" NUMBER(9,0), 
	"UPVOTE" NUMBER(4,0), 
	"ROWCREATIONDATE" TIMESTAMP (6) DEFAULT CURRENT_TIMESTAMP, 
	"ROWMODIFIEDDATE" TIMESTAMP (6) DEFAULT CURRENT_TIMESTAMP
   ) SEGMENT CREATION IMMEDIATE 
  PCTFREE 10 PCTUSED 40 INITRANS 1 MAXTRANS 255 
 NOCOMPRESS LOGGING
  STORAGE(INITIAL 65536 NEXT 1048576 MINEXTENTS 1 MAXEXTENTS 2147483645
  PCTINCREASE 0 FREELISTS 1 FREELIST GROUPS 1
  BUFFER_POOL DEFAULT FLASH_CACHE DEFAULT CELL_FLASH_CACHE DEFAULT)
  TABLESPACE "USERS" 
 LOB ("DESCRIPTION") STORE AS SECUREFILE (
  TABLESPACE "USERS" ENABLE STORAGE IN ROW CHUNK 8192
  NOCACHE LOGGING  NOCOMPRESS  KEEP_DUPLICATES 
  STORAGE(INITIAL 106496 NEXT 1048576 MINEXTENTS 1 MAXEXTENTS 2147483645
  PCTINCREASE 0
  BUFFER_POOL DEFAULT FLASH_CACHE DEFAULT CELL_FLASH_CACHE DEFAULT)) ;
--------------------------------------------------------
--  DDL for Table SPWORKAROUNDVOTEDETAIL
--------------------------------------------------------

  CREATE TABLE "SAASPERFO"."SPWORKAROUNDVOTEDETAIL" 
   (	"WORKAROUND_ID" NUMBER(9,0), 
	"CUSTOMER_ID" NUMBER(9,0), 
	"ROWCREATIONDATE" TIMESTAMP (6) DEFAULT CURRENT_TIMESTAMP, 
	"ROWMODIFIEDDATE" TIMESTAMP (6) DEFAULT CURRENT_TIMESTAMP
   ) SEGMENT CREATION IMMEDIATE 
  PCTFREE 10 PCTUSED 40 INITRANS 1 MAXTRANS 255 
 NOCOMPRESS LOGGING
  STORAGE(INITIAL 65536 NEXT 1048576 MINEXTENTS 1 MAXEXTENTS 2147483645
  PCTINCREASE 0 FREELISTS 1 FREELIST GROUPS 1
  BUFFER_POOL DEFAULT FLASH_CACHE DEFAULT CELL_FLASH_CACHE DEFAULT)
  TABLESPACE "USERS" ;
REM INSERTING into SAASPERFO.SPCUSTOMER
SET DEFINE OFF;
Insert into SAASPERFO.SPCUSTOMER (CUSTOMER_ID,NAME,PRODUCT_ID,EMAIL,REPUTATION,ROWCREATIONDATE,ROWMODIFIEDDATE,REVENUE) values (1,'customer1',8,'customer1@invalidmail.com',508.05,to_timestamp('04-MAR-2017 13.52.00.666000000','DD-MON-YYYY HH24.MI.SSXFF'),to_timestamp('19-MAR-2017 16.42.50.794000000','DD-MON-YYYY HH24.MI.SSXFF'),500);
Insert into SAASPERFO.SPCUSTOMER (CUSTOMER_ID,NAME,PRODUCT_ID,EMAIL,REPUTATION,ROWCREATIONDATE,ROWMODIFIEDDATE,REVENUE) values (3,'TestUiUpdate',8,'test@invalid.com',905.04,to_timestamp('14-MAR-2017 23.02.23.346000000','DD-MON-YYYY HH24.MI.SSXFF'),to_timestamp('19-MAR-2017 17.42.57.738000000','DD-MON-YYYY HH24.MI.SSXFF'),900);
REM INSERTING into SAASPERFO.SPCUSTOMERREVENUE
SET DEFINE OFF;
Insert into SAASPERFO.SPCUSTOMERREVENUE (REVENUE_ID,MONTH,YEAR,CUSTOMER_ID,AMOUNT,ROWCREATIONDATE,ROWMODIFIEDDATE) values (16,2,2017,1,300,to_timestamp('18-MAR-2017 23.58.31.865000000','DD-MON-YYYY HH24.MI.SSXFF'),to_timestamp('18-MAR-2017 23.58.31.865000000','DD-MON-YYYY HH24.MI.SSXFF'));
Insert into SAASPERFO.SPCUSTOMERREVENUE (REVENUE_ID,MONTH,YEAR,CUSTOMER_ID,AMOUNT,ROWCREATIONDATE,ROWMODIFIEDDATE) values (19,2,2017,3,500,to_timestamp('19-MAR-2017 17.42.57.717000000','DD-MON-YYYY HH24.MI.SSXFF'),to_timestamp('19-MAR-2017 17.42.57.717000000','DD-MON-YYYY HH24.MI.SSXFF'));
Insert into SAASPERFO.SPCUSTOMERREVENUE (REVENUE_ID,MONTH,YEAR,CUSTOMER_ID,AMOUNT,ROWCREATIONDATE,ROWMODIFIEDDATE) values (18,1,2017,3,400,to_timestamp('19-MAR-2017 00.03.59.352000000','DD-MON-YYYY HH24.MI.SSXFF'),to_timestamp('19-MAR-2017 00.03.59.352000000','DD-MON-YYYY HH24.MI.SSXFF'));
Insert into SAASPERFO.SPCUSTOMERREVENUE (REVENUE_ID,MONTH,YEAR,CUSTOMER_ID,AMOUNT,ROWCREATIONDATE,ROWMODIFIEDDATE) values (14,1,2017,1,200,to_timestamp('18-MAR-2017 23.56.53.054000000','DD-MON-YYYY HH24.MI.SSXFF'),to_timestamp('18-MAR-2017 23.56.53.054000000','DD-MON-YYYY HH24.MI.SSXFF'));
REM INSERTING into SAASPERFO.SPENTERPRISE
SET DEFINE OFF;
Insert into SAASPERFO.SPENTERPRISE (ENTERPRISE_ID,NAME,ROWCREATIONDATE,ROWMODIFIEDDATE) values (23,'Testfromhtml',to_timestamp('01-MAR-2017 00.02.21.295000000','DD-MON-YYYY HH24.MI.SSXFF'),to_timestamp('01-MAR-2017 00.02.21.295000000','DD-MON-YYYY HH24.MI.SSXFF'));
Insert into SAASPERFO.SPENTERPRISE (ENTERPRISE_ID,NAME,ROWCREATIONDATE,ROWMODIFIEDDATE) values (27,'testtoast2',to_timestamp('01-MAR-2017 00.17.32.280000000','DD-MON-YYYY HH24.MI.SSXFF'),to_timestamp('01-MAR-2017 00.17.32.280000000','DD-MON-YYYY HH24.MI.SSXFF'));
Insert into SAASPERFO.SPENTERPRISE (ENTERPRISE_ID,NAME,ROWCREATIONDATE,ROWMODIFIEDDATE) values (28,'testtoast3',to_timestamp('01-MAR-2017 00.17.52.335000000','DD-MON-YYYY HH24.MI.SSXFF'),to_timestamp('01-MAR-2017 00.17.52.335000000','DD-MON-YYYY HH24.MI.SSXFF'));
Insert into SAASPERFO.SPENTERPRISE (ENTERPRISE_ID,NAME,ROWCREATIONDATE,ROWMODIFIEDDATE) values (29,'testtoast4',to_timestamp('01-MAR-2017 00.22.23.565000000','DD-MON-YYYY HH24.MI.SSXFF'),to_timestamp('01-MAR-2017 00.22.23.565000000','DD-MON-YYYY HH24.MI.SSXFF'));
Insert into SAASPERFO.SPENTERPRISE (ENTERPRISE_ID,NAME,ROWCREATIONDATE,ROWMODIFIEDDATE) values (30,'Teststandard1',to_timestamp('01-MAR-2017 00.34.01.754000000','DD-MON-YYYY HH24.MI.SSXFF'),to_timestamp('01-MAR-2017 00.34.01.754000000','DD-MON-YYYY HH24.MI.SSXFF'));
Insert into SAASPERFO.SPENTERPRISE (ENTERPRISE_ID,NAME,ROWCREATIONDATE,ROWMODIFIEDDATE) values (21,'Enterprise21',to_timestamp('18-FEB-2017 16.08.56.083000000','DD-MON-YYYY HH24.MI.SSXFF'),to_timestamp('18-FEB-2017 16.11.17.488000000','DD-MON-YYYY HH24.MI.SSXFF'));
Insert into SAASPERFO.SPENTERPRISE (ENTERPRISE_ID,NAME,ROWCREATIONDATE,ROWMODIFIEDDATE) values (26,'TestToast26',to_timestamp('01-MAR-2017 00.15.52.598000000','DD-MON-YYYY HH24.MI.SSXFF'),to_timestamp('05-MAR-2017 21.03.21.209000000','DD-MON-YYYY HH24.MI.SSXFF'));
Insert into SAASPERFO.SPENTERPRISE (ENTERPRISE_ID,NAME,ROWCREATIONDATE,ROWMODIFIEDDATE) values (1,'Testenterprisefromui',to_timestamp('15-FEB-2017 10.02.34.964000000','DD-MON-YYYY HH24.MI.SSXFF'),to_timestamp('01-MAR-2017 00.42.06.038000000','DD-MON-YYYY HH24.MI.SSXFF'));
Insert into SAASPERFO.SPENTERPRISE (ENTERPRISE_ID,NAME,ROWCREATIONDATE,ROWMODIFIEDDATE) values (22,'Enterprise22',to_timestamp('18-FEB-2017 16.10.25.399000000','DD-MON-YYYY HH24.MI.SSXFF'),to_timestamp('18-FEB-2017 16.10.25.399000000','DD-MON-YYYY HH24.MI.SSXFF'));
REM INSERTING into SAASPERFO.SPFEATUREREQUEST
SET DEFINE OFF;
Insert into SAASPERFO.SPFEATUREREQUEST (REQUEST_ID,SUBJECT,IMPACT_FACTOR,CUSTOMER_ID,ROWCREATIONDATE,ROWMODIFIEDDATE,UPVOTE,ISFREEZED) values (5,'RTF editors needed',64.05,3,to_timestamp('19-MAR-2017 16.44.02.303000000','DD-MON-YYYY HH24.MI.SSXFF'),to_timestamp('19-MAR-2017 17.43.10.222000000','DD-MON-YYYY HH24.MI.SSXFF'),0,0);
Insert into SAASPERFO.SPFEATUREREQUEST (REQUEST_ID,SUBJECT,IMPACT_FACTOR,CUSTOMER_ID,ROWCREATIONDATE,ROWMODIFIEDDATE,UPVOTE,ISFREEZED) values (4,'Implement SSO Authentication',100,1,to_timestamp('19-MAR-2017 00.00.31.934000000','DD-MON-YYYY HH24.MI.SSXFF'),to_timestamp('19-MAR-2017 17.43.10.223000000','DD-MON-YYYY HH24.MI.SSXFF'),1,0);
REM INSERTING into SAASPERFO.SPFEATUREREQVOTEDETAIL
SET DEFINE OFF;
Insert into SAASPERFO.SPFEATUREREQVOTEDETAIL (REQUEST_ID,CUSTOMER_ID,ROWCREATIONDATE,ROWMODIFIEDDATE) values (5,3,to_timestamp('19-MAR-2017 16.44.02.314000000','DD-MON-YYYY HH24.MI.SSXFF'),to_timestamp('19-MAR-2017 16.44.02.314000000','DD-MON-YYYY HH24.MI.SSXFF'));
Insert into SAASPERFO.SPFEATUREREQVOTEDETAIL (REQUEST_ID,CUSTOMER_ID,ROWCREATIONDATE,ROWMODIFIEDDATE) values (4,1,to_timestamp('19-MAR-2017 00.00.31.936000000','DD-MON-YYYY HH24.MI.SSXFF'),to_timestamp('19-MAR-2017 00.00.31.936000000','DD-MON-YYYY HH24.MI.SSXFF'));
Insert into SAASPERFO.SPFEATUREREQVOTEDETAIL (REQUEST_ID,CUSTOMER_ID,ROWCREATIONDATE,ROWMODIFIEDDATE) values (4,3,to_timestamp('19-MAR-2017 00.04.36.554000000','DD-MON-YYYY HH24.MI.SSXFF'),to_timestamp('19-MAR-2017 00.04.36.554000000','DD-MON-YYYY HH24.MI.SSXFF'));
REM INSERTING into SAASPERFO.SPPRODUCT
SET DEFINE OFF;
Insert into SAASPERFO.SPPRODUCT (PRODUCT_ID,NAME,ENTERPRISE_ID,ROWCREATIONDATE,ROWMODIFIEDDATE,REVENUE,REPUTATION) values (9,'Product9',1,to_timestamp('05-MAR-2017 20.53.40.872000000','DD-MON-YYYY HH24.MI.SSXFF'),to_timestamp('07-MAR-2017 00.37.16.894000000','DD-MON-YYYY HH24.MI.SSXFF'),0,0);
Insert into SAASPERFO.SPPRODUCT (PRODUCT_ID,NAME,ENTERPRISE_ID,ROWCREATIONDATE,ROWMODIFIEDDATE,REVENUE,REPUTATION) values (8,'Product8',1,to_timestamp('19-FEB-2017 15.53.18.204000000','DD-MON-YYYY HH24.MI.SSXFF'),to_timestamp('19-MAR-2017 17.42.57.740000000','DD-MON-YYYY HH24.MI.SSXFF'),1400,1413.09);
Insert into SAASPERFO.SPPRODUCT (PRODUCT_ID,NAME,ENTERPRISE_ID,ROWCREATIONDATE,ROWMODIFIEDDATE,REVENUE,REPUTATION) values (10,'Product10',1,to_timestamp('05-MAR-2017 20.56.07.212000000','DD-MON-YYYY HH24.MI.SSXFF'),to_timestamp('07-MAR-2017 00.40.53.044000000','DD-MON-YYYY HH24.MI.SSXFF'),0,0);
REM INSERTING into SAASPERFO.SPPRODUCTDETAIL
SET DEFINE OFF;
Insert into SAASPERFO.SPPRODUCTDETAIL (PRODUCTDETAIL_ID,PRODUCT_ID,ROWCREATIONDATE,ROWMODIFIEDDATE) values (9,9,to_timestamp('05-MAR-2017 20.53.40.877000000','DD-MON-YYYY HH24.MI.SSXFF'),to_timestamp('05-MAR-2017 20.53.40.877000000','DD-MON-YYYY HH24.MI.SSXFF'));
Insert into SAASPERFO.SPPRODUCTDETAIL (PRODUCTDETAIL_ID,PRODUCT_ID,ROWCREATIONDATE,ROWMODIFIEDDATE) values (8,8,to_timestamp('19-FEB-2017 15.53.18.205000000','DD-MON-YYYY HH24.MI.SSXFF'),to_timestamp('19-FEB-2017 15.53.18.205000000','DD-MON-YYYY HH24.MI.SSXFF'));
Insert into SAASPERFO.SPPRODUCTDETAIL (PRODUCTDETAIL_ID,PRODUCT_ID,ROWCREATIONDATE,ROWMODIFIEDDATE) values (10,10,to_timestamp('05-MAR-2017 20.56.07.212000000','DD-MON-YYYY HH24.MI.SSXFF'),to_timestamp('05-MAR-2017 20.56.07.212000000','DD-MON-YYYY HH24.MI.SSXFF'));
REM INSERTING into SAASPERFO.SPWORKAROUND
SET DEFINE OFF;
Insert into SAASPERFO.SPWORKAROUND (WORKAROUND_ID,CUSTOMER_ID,REQUEST_ID,UPVOTE,ROWCREATIONDATE,ROWMODIFIEDDATE) values (6,3,4,1,to_timestamp('19-MAR-2017 15.59.58.390000000','DD-MON-YYYY HH24.MI.SSXFF'),to_timestamp('19-MAR-2017 17.40.07.225000000','DD-MON-YYYY HH24.MI.SSXFF'));
Insert into SAASPERFO.SPWORKAROUND (WORKAROUND_ID,CUSTOMER_ID,REQUEST_ID,UPVOTE,ROWCREATIONDATE,ROWMODIFIEDDATE) values (10,1,4,1,to_timestamp('19-MAR-2017 16.25.45.962000000','DD-MON-YYYY HH24.MI.SSXFF'),to_timestamp('19-MAR-2017 16.42.50.796000000','DD-MON-YYYY HH24.MI.SSXFF'));
REM INSERTING into SAASPERFO.SPWORKAROUNDVOTEDETAIL
SET DEFINE OFF;
Insert into SAASPERFO.SPWORKAROUNDVOTEDETAIL (WORKAROUND_ID,CUSTOMER_ID,ROWCREATIONDATE,ROWMODIFIEDDATE) values (6,3,to_timestamp('19-MAR-2017 15.59.58.396000000','DD-MON-YYYY HH24.MI.SSXFF'),to_timestamp('19-MAR-2017 15.59.58.396000000','DD-MON-YYYY HH24.MI.SSXFF'));
Insert into SAASPERFO.SPWORKAROUNDVOTEDETAIL (WORKAROUND_ID,CUSTOMER_ID,ROWCREATIONDATE,ROWMODIFIEDDATE) values (6,1,to_timestamp('19-MAR-2017 16.41.57.347000000','DD-MON-YYYY HH24.MI.SSXFF'),to_timestamp('19-MAR-2017 16.41.57.347000000','DD-MON-YYYY HH24.MI.SSXFF'));
Insert into SAASPERFO.SPWORKAROUNDVOTEDETAIL (WORKAROUND_ID,CUSTOMER_ID,ROWCREATIONDATE,ROWMODIFIEDDATE) values (10,3,to_timestamp('19-MAR-2017 16.42.50.788000000','DD-MON-YYYY HH24.MI.SSXFF'),to_timestamp('19-MAR-2017 16.42.50.788000000','DD-MON-YYYY HH24.MI.SSXFF'));
Insert into SAASPERFO.SPWORKAROUNDVOTEDETAIL (WORKAROUND_ID,CUSTOMER_ID,ROWCREATIONDATE,ROWMODIFIEDDATE) values (10,1,to_timestamp('19-MAR-2017 16.25.45.963000000','DD-MON-YYYY HH24.MI.SSXFF'),to_timestamp('19-MAR-2017 16.25.45.963000000','DD-MON-YYYY HH24.MI.SSXFF'));
--------------------------------------------------------
--  DDL for Index PRODDET_PROD_U
--------------------------------------------------------

  CREATE UNIQUE INDEX "SAASPERFO"."PRODDET_PROD_U" ON "SAASPERFO"."SPPRODUCTDETAIL" ("PRODUCT_ID") 
  PCTFREE 10 INITRANS 2 MAXTRANS 255 COMPUTE STATISTICS 
  STORAGE(INITIAL 65536 NEXT 1048576 MINEXTENTS 1 MAXEXTENTS 2147483645
  PCTINCREASE 0 FREELISTS 1 FREELIST GROUPS 1
  BUFFER_POOL DEFAULT FLASH_CACHE DEFAULT CELL_FLASH_CACHE DEFAULT)
  TABLESPACE "USERS" ;
--------------------------------------------------------
--  DDL for Index REVENUE_UNIQUE
--------------------------------------------------------

  CREATE UNIQUE INDEX "SAASPERFO"."REVENUE_UNIQUE" ON "SAASPERFO"."SPCUSTOMERREVENUE" ("MONTH", "YEAR", "CUSTOMER_ID") 
  PCTFREE 10 INITRANS 2 MAXTRANS 255 COMPUTE STATISTICS 
  STORAGE(INITIAL 65536 NEXT 1048576 MINEXTENTS 1 MAXEXTENTS 2147483645
  PCTINCREASE 0 FREELISTS 1 FREELIST GROUPS 1
  BUFFER_POOL DEFAULT FLASH_CACHE DEFAULT CELL_FLASH_CACHE DEFAULT)
  TABLESPACE "USERS" ;
--------------------------------------------------------
--  DDL for Index SPCUSTOMERREVENUE_PK
--------------------------------------------------------

  CREATE UNIQUE INDEX "SAASPERFO"."SPCUSTOMERREVENUE_PK" ON "SAASPERFO"."SPCUSTOMERREVENUE" ("REVENUE_ID") 
  PCTFREE 10 INITRANS 2 MAXTRANS 255 COMPUTE STATISTICS 
  STORAGE(INITIAL 65536 NEXT 1048576 MINEXTENTS 1 MAXEXTENTS 2147483645
  PCTINCREASE 0 FREELISTS 1 FREELIST GROUPS 1
  BUFFER_POOL DEFAULT FLASH_CACHE DEFAULT CELL_FLASH_CACHE DEFAULT)
  TABLESPACE "USERS" ;
--------------------------------------------------------
--  DDL for Index SPCUSTOMER_PK
--------------------------------------------------------

  CREATE UNIQUE INDEX "SAASPERFO"."SPCUSTOMER_PK" ON "SAASPERFO"."SPCUSTOMER" ("CUSTOMER_ID") 
  PCTFREE 10 INITRANS 2 MAXTRANS 255 COMPUTE STATISTICS 
  STORAGE(INITIAL 65536 NEXT 1048576 MINEXTENTS 1 MAXEXTENTS 2147483645
  PCTINCREASE 0 FREELISTS 1 FREELIST GROUPS 1
  BUFFER_POOL DEFAULT FLASH_CACHE DEFAULT CELL_FLASH_CACHE DEFAULT)
  TABLESPACE "USERS" ;
--------------------------------------------------------
--  DDL for Index SPENTERPRISE_PK
--------------------------------------------------------

  CREATE UNIQUE INDEX "SAASPERFO"."SPENTERPRISE_PK" ON "SAASPERFO"."SPENTERPRISE" ("ENTERPRISE_ID") 
  PCTFREE 10 INITRANS 2 MAXTRANS 255 COMPUTE STATISTICS 
  STORAGE(INITIAL 65536 NEXT 1048576 MINEXTENTS 1 MAXEXTENTS 2147483645
  PCTINCREASE 0 FREELISTS 1 FREELIST GROUPS 1
  BUFFER_POOL DEFAULT FLASH_CACHE DEFAULT CELL_FLASH_CACHE DEFAULT)
  TABLESPACE "USERS" ;
--------------------------------------------------------
--  DDL for Index SPFEATUREREQUEST_PK
--------------------------------------------------------

  CREATE UNIQUE INDEX "SAASPERFO"."SPFEATUREREQUEST_PK" ON "SAASPERFO"."SPFEATUREREQUEST" ("REQUEST_ID") 
  PCTFREE 10 INITRANS 2 MAXTRANS 255 COMPUTE STATISTICS 
  STORAGE(INITIAL 65536 NEXT 1048576 MINEXTENTS 1 MAXEXTENTS 2147483645
  PCTINCREASE 0 FREELISTS 1 FREELIST GROUPS 1
  BUFFER_POOL DEFAULT FLASH_CACHE DEFAULT CELL_FLASH_CACHE DEFAULT)
  TABLESPACE "USERS" ;
--------------------------------------------------------
--  DDL for Index SPFEATUREREQVOTEDETAIL_PK
--------------------------------------------------------

  CREATE UNIQUE INDEX "SAASPERFO"."SPFEATUREREQVOTEDETAIL_PK" ON "SAASPERFO"."SPFEATUREREQVOTEDETAIL" ("REQUEST_ID", "CUSTOMER_ID") 
  PCTFREE 10 INITRANS 2 MAXTRANS 255 COMPUTE STATISTICS 
  STORAGE(INITIAL 65536 NEXT 1048576 MINEXTENTS 1 MAXEXTENTS 2147483645
  PCTINCREASE 0 FREELISTS 1 FREELIST GROUPS 1
  BUFFER_POOL DEFAULT FLASH_CACHE DEFAULT CELL_FLASH_CACHE DEFAULT)
  TABLESPACE "USERS" ;
--------------------------------------------------------
--  DDL for Index SPPRODUCTDETAIL_PK
--------------------------------------------------------

  CREATE UNIQUE INDEX "SAASPERFO"."SPPRODUCTDETAIL_PK" ON "SAASPERFO"."SPPRODUCTDETAIL" ("PRODUCTDETAIL_ID") 
  PCTFREE 10 INITRANS 2 MAXTRANS 255 COMPUTE STATISTICS 
  STORAGE(INITIAL 65536 NEXT 1048576 MINEXTENTS 1 MAXEXTENTS 2147483645
  PCTINCREASE 0 FREELISTS 1 FREELIST GROUPS 1
  BUFFER_POOL DEFAULT FLASH_CACHE DEFAULT CELL_FLASH_CACHE DEFAULT)
  TABLESPACE "USERS" ;
--------------------------------------------------------
--  DDL for Index SPPRODUCT_PK
--------------------------------------------------------

  CREATE UNIQUE INDEX "SAASPERFO"."SPPRODUCT_PK" ON "SAASPERFO"."SPPRODUCT" ("PRODUCT_ID") 
  PCTFREE 10 INITRANS 2 MAXTRANS 255 COMPUTE STATISTICS 
  STORAGE(INITIAL 65536 NEXT 1048576 MINEXTENTS 1 MAXEXTENTS 2147483645
  PCTINCREASE 0 FREELISTS 1 FREELIST GROUPS 1
  BUFFER_POOL DEFAULT FLASH_CACHE DEFAULT CELL_FLASH_CACHE DEFAULT)
  TABLESPACE "USERS" ;
--------------------------------------------------------
--  DDL for Index SPWORKAROUNDVOTEDETAIL_PK
--------------------------------------------------------

  CREATE UNIQUE INDEX "SAASPERFO"."SPWORKAROUNDVOTEDETAIL_PK" ON "SAASPERFO"."SPWORKAROUNDVOTEDETAIL" ("WORKAROUND_ID", "CUSTOMER_ID") 
  PCTFREE 10 INITRANS 2 MAXTRANS 255 COMPUTE STATISTICS 
  STORAGE(INITIAL 65536 NEXT 1048576 MINEXTENTS 1 MAXEXTENTS 2147483645
  PCTINCREASE 0 FREELISTS 1 FREELIST GROUPS 1
  BUFFER_POOL DEFAULT FLASH_CACHE DEFAULT CELL_FLASH_CACHE DEFAULT)
  TABLESPACE "USERS" ;
--------------------------------------------------------
--  DDL for Index SPWORKAROUND_PK
--------------------------------------------------------

  CREATE UNIQUE INDEX "SAASPERFO"."SPWORKAROUND_PK" ON "SAASPERFO"."SPWORKAROUND" ("WORKAROUND_ID") 
  PCTFREE 10 INITRANS 2 MAXTRANS 255 COMPUTE STATISTICS 
  STORAGE(INITIAL 65536 NEXT 1048576 MINEXTENTS 1 MAXEXTENTS 2147483645
  PCTINCREASE 0 FREELISTS 1 FREELIST GROUPS 1
  BUFFER_POOL DEFAULT FLASH_CACHE DEFAULT CELL_FLASH_CACHE DEFAULT)
  TABLESPACE "USERS" ;
--------------------------------------------------------
--  DDL for Index WORKAROUND_CUSTID_REQID
--------------------------------------------------------

  CREATE UNIQUE INDEX "SAASPERFO"."WORKAROUND_CUSTID_REQID" ON "SAASPERFO"."SPWORKAROUND" ("CUSTOMER_ID", "REQUEST_ID") 
  PCTFREE 10 INITRANS 2 MAXTRANS 255 COMPUTE STATISTICS 
  STORAGE(INITIAL 65536 NEXT 1048576 MINEXTENTS 1 MAXEXTENTS 2147483645
  PCTINCREASE 0 FREELISTS 1 FREELIST GROUPS 1
  BUFFER_POOL DEFAULT FLASH_CACHE DEFAULT CELL_FLASH_CACHE DEFAULT)
  TABLESPACE "USERS" ;
--------------------------------------------------------
--  Constraints for Table SPCUSTOMER
--------------------------------------------------------

  ALTER TABLE "SAASPERFO"."SPCUSTOMER" MODIFY ("NAME" NOT NULL ENABLE);
  ALTER TABLE "SAASPERFO"."SPCUSTOMER" MODIFY ("ROWCREATIONDATE" NOT NULL ENABLE);
  ALTER TABLE "SAASPERFO"."SPCUSTOMER" MODIFY ("ROWMODIFIEDDATE" NOT NULL ENABLE);
  ALTER TABLE "SAASPERFO"."SPCUSTOMER" ADD CONSTRAINT "SPCUSTOMER_PK" PRIMARY KEY ("CUSTOMER_ID")
  USING INDEX PCTFREE 10 INITRANS 2 MAXTRANS 255 COMPUTE STATISTICS 
  STORAGE(INITIAL 65536 NEXT 1048576 MINEXTENTS 1 MAXEXTENTS 2147483645
  PCTINCREASE 0 FREELISTS 1 FREELIST GROUPS 1
  BUFFER_POOL DEFAULT FLASH_CACHE DEFAULT CELL_FLASH_CACHE DEFAULT)
  TABLESPACE "USERS"  ENABLE;
  ALTER TABLE "SAASPERFO"."SPCUSTOMER" MODIFY ("REVENUE" NOT NULL ENABLE);
--------------------------------------------------------
--  Constraints for Table SPCUSTOMERREVENUE
--------------------------------------------------------

  ALTER TABLE "SAASPERFO"."SPCUSTOMERREVENUE" MODIFY ("ROWCREATIONDATE" NOT NULL ENABLE);
  ALTER TABLE "SAASPERFO"."SPCUSTOMERREVENUE" MODIFY ("ROWMODIFIEDDATE" NOT NULL ENABLE);
  ALTER TABLE "SAASPERFO"."SPCUSTOMERREVENUE" ADD CONSTRAINT "SPCUSTOMERREVENUE_PK" PRIMARY KEY ("REVENUE_ID")
  USING INDEX PCTFREE 10 INITRANS 2 MAXTRANS 255 COMPUTE STATISTICS 
  STORAGE(INITIAL 65536 NEXT 1048576 MINEXTENTS 1 MAXEXTENTS 2147483645
  PCTINCREASE 0 FREELISTS 1 FREELIST GROUPS 1
  BUFFER_POOL DEFAULT FLASH_CACHE DEFAULT CELL_FLASH_CACHE DEFAULT)
  TABLESPACE "USERS"  ENABLE;
  ALTER TABLE "SAASPERFO"."SPCUSTOMERREVENUE" MODIFY ("MONTH" NOT NULL ENABLE);
  ALTER TABLE "SAASPERFO"."SPCUSTOMERREVENUE" MODIFY ("YEAR" NOT NULL ENABLE);
  ALTER TABLE "SAASPERFO"."SPCUSTOMERREVENUE" MODIFY ("CUSTOMER_ID" NOT NULL ENABLE);
  ALTER TABLE "SAASPERFO"."SPCUSTOMERREVENUE" MODIFY ("AMOUNT" NOT NULL ENABLE);
  ALTER TABLE "SAASPERFO"."SPCUSTOMERREVENUE" ADD CONSTRAINT "REVENUE_UNIQUE" UNIQUE ("MONTH", "YEAR", "CUSTOMER_ID")
  USING INDEX PCTFREE 10 INITRANS 2 MAXTRANS 255 COMPUTE STATISTICS 
  STORAGE(INITIAL 65536 NEXT 1048576 MINEXTENTS 1 MAXEXTENTS 2147483645
  PCTINCREASE 0 FREELISTS 1 FREELIST GROUPS 1
  BUFFER_POOL DEFAULT FLASH_CACHE DEFAULT CELL_FLASH_CACHE DEFAULT)
  TABLESPACE "USERS"  ENABLE;
  ALTER TABLE "SAASPERFO"."SPCUSTOMERREVENUE" ADD CONSTRAINT "REVENUE_MONTH_CHK" CHECK (0 < month and month < 13) ENABLE;
--------------------------------------------------------
--  Constraints for Table SPENTERPRISE
--------------------------------------------------------

  ALTER TABLE "SAASPERFO"."SPENTERPRISE" ADD CONSTRAINT "SPENTERPRISE_PK" PRIMARY KEY ("ENTERPRISE_ID")
  USING INDEX PCTFREE 10 INITRANS 2 MAXTRANS 255 COMPUTE STATISTICS 
  STORAGE(INITIAL 65536 NEXT 1048576 MINEXTENTS 1 MAXEXTENTS 2147483645
  PCTINCREASE 0 FREELISTS 1 FREELIST GROUPS 1
  BUFFER_POOL DEFAULT FLASH_CACHE DEFAULT CELL_FLASH_CACHE DEFAULT)
  TABLESPACE "USERS"  ENABLE;
  ALTER TABLE "SAASPERFO"."SPENTERPRISE" MODIFY ("ROWMODIFIEDDATE" NOT NULL ENABLE);
  ALTER TABLE "SAASPERFO"."SPENTERPRISE" MODIFY ("ROWCREATIONDATE" NOT NULL ENABLE);
--------------------------------------------------------
--  Constraints for Table SPFEATUREREQUEST
--------------------------------------------------------

  ALTER TABLE "SAASPERFO"."SPFEATUREREQUEST" MODIFY ("SUBJECT" NOT NULL ENABLE);
  ALTER TABLE "SAASPERFO"."SPFEATUREREQUEST" MODIFY ("ROWCREATIONDATE" NOT NULL ENABLE);
  ALTER TABLE "SAASPERFO"."SPFEATUREREQUEST" MODIFY ("ROWMODIFIEDDATE" NOT NULL ENABLE);
  ALTER TABLE "SAASPERFO"."SPFEATUREREQUEST" ADD CONSTRAINT "SPFEATUREREQUEST_PK" PRIMARY KEY ("REQUEST_ID")
  USING INDEX PCTFREE 10 INITRANS 2 MAXTRANS 255 COMPUTE STATISTICS 
  STORAGE(INITIAL 65536 NEXT 1048576 MINEXTENTS 1 MAXEXTENTS 2147483645
  PCTINCREASE 0 FREELISTS 1 FREELIST GROUPS 1
  BUFFER_POOL DEFAULT FLASH_CACHE DEFAULT CELL_FLASH_CACHE DEFAULT)
  TABLESPACE "USERS"  ENABLE;
  ALTER TABLE "SAASPERFO"."SPFEATUREREQUEST" MODIFY ("IMPACT_FACTOR" NOT NULL ENABLE);
  ALTER TABLE "SAASPERFO"."SPFEATUREREQUEST" MODIFY ("ISFREEZED" NOT NULL ENABLE);
  ALTER TABLE "SAASPERFO"."SPFEATUREREQUEST" ADD CONSTRAINT "REQUEST_FREEZED" CHECK (ISFREEZED IN (0,1)) ENABLE;
  ALTER TABLE "SAASPERFO"."SPFEATUREREQUEST" MODIFY ("CUSTOMER_ID" NOT NULL ENABLE);
--------------------------------------------------------
--  Constraints for Table SPFEATUREREQVOTEDETAIL
--------------------------------------------------------

  ALTER TABLE "SAASPERFO"."SPFEATUREREQVOTEDETAIL" MODIFY ("ROWCREATIONDATE" NOT NULL ENABLE);
  ALTER TABLE "SAASPERFO"."SPFEATUREREQVOTEDETAIL" MODIFY ("ROWMODIFIEDDATE" NOT NULL ENABLE);
  ALTER TABLE "SAASPERFO"."SPFEATUREREQVOTEDETAIL" ADD CONSTRAINT "SPFEATUREREQVOTEDETAIL_PK" PRIMARY KEY ("REQUEST_ID", "CUSTOMER_ID")
  USING INDEX PCTFREE 10 INITRANS 2 MAXTRANS 255 COMPUTE STATISTICS 
  STORAGE(INITIAL 65536 NEXT 1048576 MINEXTENTS 1 MAXEXTENTS 2147483645
  PCTINCREASE 0 FREELISTS 1 FREELIST GROUPS 1
  BUFFER_POOL DEFAULT FLASH_CACHE DEFAULT CELL_FLASH_CACHE DEFAULT)
  TABLESPACE "USERS"  ENABLE;
--------------------------------------------------------
--  Constraints for Table SPPRODUCT
--------------------------------------------------------

  ALTER TABLE "SAASPERFO"."SPPRODUCT" MODIFY ("NAME" NOT NULL ENABLE);
  ALTER TABLE "SAASPERFO"."SPPRODUCT" MODIFY ("ROWCREATIONDATE" NOT NULL ENABLE);
  ALTER TABLE "SAASPERFO"."SPPRODUCT" MODIFY ("ROWMODIFIEDDATE" NOT NULL ENABLE);
  ALTER TABLE "SAASPERFO"."SPPRODUCT" ADD CONSTRAINT "SPPRODUCT_PK" PRIMARY KEY ("PRODUCT_ID")
  USING INDEX PCTFREE 10 INITRANS 2 MAXTRANS 255 COMPUTE STATISTICS 
  STORAGE(INITIAL 65536 NEXT 1048576 MINEXTENTS 1 MAXEXTENTS 2147483645
  PCTINCREASE 0 FREELISTS 1 FREELIST GROUPS 1
  BUFFER_POOL DEFAULT FLASH_CACHE DEFAULT CELL_FLASH_CACHE DEFAULT)
  TABLESPACE "USERS"  ENABLE;
  ALTER TABLE "SAASPERFO"."SPPRODUCT" MODIFY ("REVENUE" NOT NULL ENABLE);
  ALTER TABLE "SAASPERFO"."SPPRODUCT" MODIFY ("REPUTATION" NOT NULL ENABLE);
--------------------------------------------------------
--  Constraints for Table SPPRODUCTDETAIL
--------------------------------------------------------

  ALTER TABLE "SAASPERFO"."SPPRODUCTDETAIL" MODIFY ("ROWCREATIONDATE" NOT NULL ENABLE);
  ALTER TABLE "SAASPERFO"."SPPRODUCTDETAIL" MODIFY ("ROWMODIFIEDDATE" NOT NULL ENABLE);
  ALTER TABLE "SAASPERFO"."SPPRODUCTDETAIL" ADD CONSTRAINT "SPPRODUCTDETAIL_PK" PRIMARY KEY ("PRODUCTDETAIL_ID")
  USING INDEX PCTFREE 10 INITRANS 2 MAXTRANS 255 COMPUTE STATISTICS 
  STORAGE(INITIAL 65536 NEXT 1048576 MINEXTENTS 1 MAXEXTENTS 2147483645
  PCTINCREASE 0 FREELISTS 1 FREELIST GROUPS 1
  BUFFER_POOL DEFAULT FLASH_CACHE DEFAULT CELL_FLASH_CACHE DEFAULT)
  TABLESPACE "USERS"  ENABLE;
  ALTER TABLE "SAASPERFO"."SPPRODUCTDETAIL" ADD CONSTRAINT "PRODDET_PROD_U" UNIQUE ("PRODUCT_ID")
  USING INDEX PCTFREE 10 INITRANS 2 MAXTRANS 255 COMPUTE STATISTICS 
  STORAGE(INITIAL 65536 NEXT 1048576 MINEXTENTS 1 MAXEXTENTS 2147483645
  PCTINCREASE 0 FREELISTS 1 FREELIST GROUPS 1
  BUFFER_POOL DEFAULT FLASH_CACHE DEFAULT CELL_FLASH_CACHE DEFAULT)
  TABLESPACE "USERS"  ENABLE;
  ALTER TABLE "SAASPERFO"."SPPRODUCTDETAIL" MODIFY ("PRODUCT_ID" NOT NULL ENABLE);
--------------------------------------------------------
--  Constraints for Table SPWORKAROUND
--------------------------------------------------------

  ALTER TABLE "SAASPERFO"."SPWORKAROUND" MODIFY ("ROWCREATIONDATE" NOT NULL ENABLE);
  ALTER TABLE "SAASPERFO"."SPWORKAROUND" MODIFY ("ROWMODIFIEDDATE" NOT NULL ENABLE);
  ALTER TABLE "SAASPERFO"."SPWORKAROUND" ADD CONSTRAINT "SPWORKAROUND_PK" PRIMARY KEY ("WORKAROUND_ID")
  USING INDEX PCTFREE 10 INITRANS 2 MAXTRANS 255 COMPUTE STATISTICS 
  STORAGE(INITIAL 65536 NEXT 1048576 MINEXTENTS 1 MAXEXTENTS 2147483645
  PCTINCREASE 0 FREELISTS 1 FREELIST GROUPS 1
  BUFFER_POOL DEFAULT FLASH_CACHE DEFAULT CELL_FLASH_CACHE DEFAULT)
  TABLESPACE "USERS"  ENABLE;
  ALTER TABLE "SAASPERFO"."SPWORKAROUND" MODIFY ("CUSTOMER_ID" NOT NULL ENABLE);
  ALTER TABLE "SAASPERFO"."SPWORKAROUND" MODIFY ("REQUEST_ID" NOT NULL ENABLE);
  ALTER TABLE "SAASPERFO"."SPWORKAROUND" ADD CONSTRAINT "WORKAROUND_CUSTID_REQID" UNIQUE ("CUSTOMER_ID", "REQUEST_ID")
  USING INDEX PCTFREE 10 INITRANS 2 MAXTRANS 255 COMPUTE STATISTICS 
  STORAGE(INITIAL 65536 NEXT 1048576 MINEXTENTS 1 MAXEXTENTS 2147483645
  PCTINCREASE 0 FREELISTS 1 FREELIST GROUPS 1
  BUFFER_POOL DEFAULT FLASH_CACHE DEFAULT CELL_FLASH_CACHE DEFAULT)
  TABLESPACE "USERS"  ENABLE;
--------------------------------------------------------
--  Constraints for Table SPWORKAROUNDVOTEDETAIL
--------------------------------------------------------

  ALTER TABLE "SAASPERFO"."SPWORKAROUNDVOTEDETAIL" MODIFY ("ROWCREATIONDATE" NOT NULL ENABLE);
  ALTER TABLE "SAASPERFO"."SPWORKAROUNDVOTEDETAIL" MODIFY ("ROWMODIFIEDDATE" NOT NULL ENABLE);
  ALTER TABLE "SAASPERFO"."SPWORKAROUNDVOTEDETAIL" ADD CONSTRAINT "SPWORKAROUNDVOTEDETAIL_PK" PRIMARY KEY ("WORKAROUND_ID", "CUSTOMER_ID")
  USING INDEX PCTFREE 10 INITRANS 2 MAXTRANS 255 COMPUTE STATISTICS 
  STORAGE(INITIAL 65536 NEXT 1048576 MINEXTENTS 1 MAXEXTENTS 2147483645
  PCTINCREASE 0 FREELISTS 1 FREELIST GROUPS 1
  BUFFER_POOL DEFAULT FLASH_CACHE DEFAULT CELL_FLASH_CACHE DEFAULT)
  TABLESPACE "USERS"  ENABLE;
--------------------------------------------------------
--  Ref Constraints for Table SPCUSTOMER
--------------------------------------------------------

  ALTER TABLE "SAASPERFO"."SPCUSTOMER" ADD CONSTRAINT "CUSTOMER_PRODUCT_FK" FOREIGN KEY ("PRODUCT_ID")
	  REFERENCES "SAASPERFO"."SPPRODUCT" ("PRODUCT_ID") ENABLE;
--------------------------------------------------------
--  Ref Constraints for Table SPCUSTOMERREVENUE
--------------------------------------------------------

  ALTER TABLE "SAASPERFO"."SPCUSTOMERREVENUE" ADD CONSTRAINT "CUSTOMERREVENUE_CUSTOMER_FK" FOREIGN KEY ("CUSTOMER_ID")
	  REFERENCES "SAASPERFO"."SPCUSTOMER" ("CUSTOMER_ID") ENABLE;
--------------------------------------------------------
--  Ref Constraints for Table SPFEATUREREQUEST
--------------------------------------------------------

  ALTER TABLE "SAASPERFO"."SPFEATUREREQUEST" ADD CONSTRAINT "FEATUREREQUEST_CUSTOMER_FK" FOREIGN KEY ("CUSTOMER_ID")
	  REFERENCES "SAASPERFO"."SPCUSTOMER" ("CUSTOMER_ID") ENABLE;
--------------------------------------------------------
--  Ref Constraints for Table SPFEATUREREQVOTEDETAIL
--------------------------------------------------------

  ALTER TABLE "SAASPERFO"."SPFEATUREREQVOTEDETAIL" ADD CONSTRAINT "REQVOTE_CUSTOMER_FK" FOREIGN KEY ("CUSTOMER_ID")
	  REFERENCES "SAASPERFO"."SPCUSTOMER" ("CUSTOMER_ID") ENABLE;
  ALTER TABLE "SAASPERFO"."SPFEATUREREQVOTEDETAIL" ADD CONSTRAINT "REQVOTE_FEATUREREQ_FK" FOREIGN KEY ("REQUEST_ID")
	  REFERENCES "SAASPERFO"."SPFEATUREREQUEST" ("REQUEST_ID") ENABLE;
--------------------------------------------------------
--  Ref Constraints for Table SPPRODUCT
--------------------------------------------------------

  ALTER TABLE "SAASPERFO"."SPPRODUCT" ADD CONSTRAINT "PRODUCT_ENT_FK" FOREIGN KEY ("ENTERPRISE_ID")
	  REFERENCES "SAASPERFO"."SPENTERPRISE" ("ENTERPRISE_ID") ENABLE;
--------------------------------------------------------
--  Ref Constraints for Table SPPRODUCTDETAIL
--------------------------------------------------------

  ALTER TABLE "SAASPERFO"."SPPRODUCTDETAIL" ADD CONSTRAINT "PRODUCTDETAIL_PRODUCT_FK" FOREIGN KEY ("PRODUCT_ID")
	  REFERENCES "SAASPERFO"."SPPRODUCT" ("PRODUCT_ID") ENABLE;
--------------------------------------------------------
--  Ref Constraints for Table SPWORKAROUND
--------------------------------------------------------

  ALTER TABLE "SAASPERFO"."SPWORKAROUND" ADD CONSTRAINT "WORKAROUND_CUSTOMER_FK" FOREIGN KEY ("CUSTOMER_ID")
	  REFERENCES "SAASPERFO"."SPCUSTOMER" ("CUSTOMER_ID") ENABLE;
  ALTER TABLE "SAASPERFO"."SPWORKAROUND" ADD CONSTRAINT "WORKAROUND_REQUEST_FK" FOREIGN KEY ("REQUEST_ID")
	  REFERENCES "SAASPERFO"."SPFEATUREREQUEST" ("REQUEST_ID") ENABLE;
--------------------------------------------------------
--  Ref Constraints for Table SPWORKAROUNDVOTEDETAIL
--------------------------------------------------------

  ALTER TABLE "SAASPERFO"."SPWORKAROUNDVOTEDETAIL" ADD CONSTRAINT "WORKVOTE_CUSTOMER_FK" FOREIGN KEY ("CUSTOMER_ID")
	  REFERENCES "SAASPERFO"."SPCUSTOMER" ("CUSTOMER_ID") ENABLE;
  ALTER TABLE "SAASPERFO"."SPWORKAROUNDVOTEDETAIL" ADD CONSTRAINT "WORKVOTE_WORKAROUND_FK" FOREIGN KEY ("WORKAROUND_ID")
	  REFERENCES "SAASPERFO"."SPWORKAROUND" ("WORKAROUND_ID") ENABLE;
--------------------------------------------------------
--  DDL for Procedure RECALCULATE_IMPACT_FACTOR
--------------------------------------------------------
set define off;

  CREATE OR REPLACE EDITIONABLE PROCEDURE "SAASPERFO"."RECALCULATE_IMPACT_FACTOR" (
    id IN NUMBER)
IS
  product_reputation NUMBER(15,3);
  new_impact_factor  NUMBER(5,2);
  cus_id number(9);
  cus_reputation number(11,3);
  tmp_total_cus_reputation NUMBER(15,3);
  LV_SQL VARCHAR2(255);
  CURSOR feature_req_cur
  IS
    SELECT req.request_id,
      req.customer_id
    FROM spfeaturerequest req
    INNER JOIN spcustomer cus
    ON req.customer_id = cus.customer_id
    INNER JOIN spproduct prod
    ON prod.product_id   = cus.product_id
    WHERE prod.product_id=id
    AND req.isfreezed    =0;
  req_rec feature_req_cur%ROWTYPE;
  customer_cursor sys_refcursor;
BEGIN
  --DBMS_OUTPUT.PUT_LINE(id);
  LV_SQL := '';
  tmp_total_cus_reputation := 0;
  SELECT REPUTATION INTO product_reputation FROM SPPRODUCT WHERE PRODUCT_ID=id;
  DBMS_OUTPUT.PUT_LINE('product reputation::'||product_reputation);
  FOR req_rec IN feature_req_cur
  LOOP
    DBMS_OUTPUT.PUT_LINE('Request id:: '||req_rec.request_id);
    tmp_total_cus_reputation := 0;
    new_impact_factor:=0;
    OPEN customer_cursor FOR SELECT vote.customer_id,
    cus.reputation FROM SPFEATUREREQVOTEDETAIL vote inner join spcustomer cus ON vote.customer_id = cus.customer_id WHERE vote.request_id=req_rec.request_id;
      LOOP
        FETCH customer_cursor into cus_id,cus_reputation;
        exit when customer_cursor%notfound;
        DBMS_OUTPUT.PUT_LINE('Cus Id:: '||cus_id);
        DBMS_OUTPUT.PUT_LINE(cus_reputation);
        tmp_total_cus_reputation := tmp_total_cus_reputation + cus_reputation;
        DBMS_OUTPUT.PUT_LINE('Temp cus '||tmp_total_cus_reputation);
      END LOOP;
    CLOSE customer_cursor;
    new_impact_factor := (tmp_total_cus_reputation / product_reputation) * 100;
    LV_SQL := 'update spfeaturerequest set impact_factor = '||new_impact_factor||', ROWMODIFIEDDATE=CURRENT_TIMESTAMP WHERE REQUEST_ID='||req_rec.request_id;
    EXECUTE IMMEDIATE LV_SQL;
    DBMS_OUTPUT.PUT_LINE('new impact:: '||new_impact_factor);
    
  END LOOP;
  COMMIT;
  EXCEPTION 
    WHEN NO_DATA_FOUND THEN
      DBMS_OUTPUT.PUT_LINE('No data Found');
    WHEN TOO_MANY_ROWS THEN
      DBMS_OUTPUT.PUT_LINE('Too many rows');
END;

/
